Quiniela - Temporada,2025-26,Jornada,1

N°,Combinación,Coste (€)
1,11111111111111,0.75
2,11111111X11111,0.75
3,11111111211111,0.75
4,1111111X111111,0.75
5,1111111XX11111,0.75
6,1111111X211111,0.75
7,11111112111111,0.75
8,11111112X11111,0.75
9,11111112211111,0.75
10,111111X1111111,0.75
11,111111X1X11111,0.75
12,111111X1211111,0.75
13,111111XX111111,0.75
14,111111XXX11111,0.75
15,111111XX211111,0.75
16,111111X2111111,0.75
17,111111X2X11111,0.75
18,111111X2211111,0.75
19,11111X11111111,0.75
20,11111X11X11111,0.75
21,11111X11211111,0.75
22,11111X1X111111,0.75
23,11111X1XX11111,0.75
24,11111X1X211111,0.75
25,11111X12111111,0.75
26,11111X12X11111,0.75
27,11111X12211111,0.75
28,11111XX1111111,0.75
29,11111XX1X11111,0.75
30,11111XX1211111,0.75
31,11111XXX111111,0.75
32,11111XXXX11111,0.75
33,11111XXX211111,0.75
34,11111XX2111111,0.75
35,11111XX2X11111,0.75
36,11111XX2211111,0.75
37,11111211111111,0.75
38,11111211X11111,0.75
39,11111211211111,0.75
40,1111121X111111,0.75
41,1111121XX11111,0.75
42,1111121X211111,0.75
43,11111212111111,0.75
44,11111212X11111,0.75
45,11111212211111,0.75
46,111112X1111111,0.75
47,111112X1X11111,0.75
48,111112X1211111,0.75
49,111112XX111111,0.75
50,111112XXX11111,0.75
51,111112XX211111,0.75
52,111112X2111111,0.75
53,111112X2X11111,0.75
54,111112X2211111,0.75
55,1111X111111111,0.75
56,1111X111X11111,0.75
57,1111X111211111,0.75
58,1111X11X111111,0.75
59,1111X11XX11111,0.75
60,1111X11X211111,0.75
61,1111X112111111,0.75
62,1111X112X11111,0.75
63,1111X112211111,0.75
64,1111X1X1111111,0.75
65,1111X1X1X11111,0.75
66,1111X1X1211111,0.75
67,1111X1XX111111,0.75
68,1111X1XXX11111,0.75
69,1111X1XX211111,0.75
70,1111X1X2111111,0.75
71,1111X1X2X11111,0.75
72,1111X1X2211111,0.75
73,1111XX11111111,0.75
74,1111XX11X11111,0.75
75,1111XX11211111,0.75
76,1111XX1X111111,0.75
77,1111XX1XX11111,0.75
78,1111XX1X211111,0.75
79,1111XX12111111,0.75
80,1111XX12X11111,0.75
81,1111XX12211111,0.75
82,1111XXX1111111,0.75
83,1111XXX1X11111,0.75
84,1111XXX1211111,0.75
85,1111XXXX111111,0.75
86,1111XXXXX11111,0.75
87,1111XXXX211111,0.75
88,1111XXX2111111,0.75
89,1111XXX2X11111,0.75
90,1111XXX2211111,0.75
91,1111X211111111,0.75
92,1111X211X11111,0.75
93,1111X211211111,0.75
94,1111X21X111111,0.75
95,1111X21XX11111,0.75
96,1111X21X211111,0.75
97,1111X212111111,0.75
98,1111X212X11111,0.75
99,1111X212211111,0.75
100,1111X2X1111111,0.75
101,1111X2X1X11111,0.75
102,1111X2X1211111,0.75
103,1111X2XX111111,0.75
104,1111X2XXX11111,0.75
105,1111X2XX211111,0.75
106,1111X2X2111111,0.75
107,1111X2X2X11111,0.75
108,1111X2X2211111,0.75
109,111X1111111111,0.75
110,111X1111X11111,0.75
111,111X1111211111,0.75
112,111X111X111111,0.75
113,111X111XX11111,0.75
114,111X111X211111,0.75
115,111X1112111111,0.75
116,111X1112X11111,0.75
117,111X1112211111,0.75
118,111X11X1111111,0.75
119,111X11X1X11111,0.75
120,111X11X1211111,0.75
121,111X11XX111111,0.75
122,111X11XXX11111,0.75
123,111X11XX211111,0.75
124,111X11X2111111,0.75
125,111X11X2X11111,0.75
126,111X11X2211111,0.75
127,111X1X11111111,0.75
128,111X1X11X11111,0.75
129,111X1X11211111,0.75
130,111X1X1X111111,0.75
131,111X1X1XX11111,0.75
132,111X1X1X211111,0.75
133,111X1X12111111,0.75
134,111X1X12X11111,0.75
135,111X1X12211111,0.75
136,111X1XX1111111,0.75
137,111X1XX1X11111,0.75
138,111X1XX1211111,0.75
139,111X1XXX111111,0.75
140,111X1XXXX11111,0.75
141,111X1XXX211111,0.75
142,111X1XX2111111,0.75
143,111X1XX2X11111,0.75
144,111X1XX2211111,0.75
145,111X1211111111,0.75
146,111X1211X11111,0.75
147,111X1211211111,0.75
148,111X121X111111,0.75
149,111X121XX11111,0.75
150,111X121X211111,0.75
151,111X1212111111,0.75
152,111X1212X11111,0.75
153,111X1212211111,0.75
154,111X12X1111111,0.75
155,111X12X1X11111,0.75
156,111X12X1211111,0.75
157,111X12XX111111,0.75
158,111X12XXX11111,0.75
159,111X12XX211111,0.75
160,111X12X2111111,0.75
161,111X12X2X11111,0.75
162,111X12X2211111,0.75
163,111XX111111111,0.75
164,111XX111X11111,0.75
165,111XX111211111,0.75
166,111XX11X111111,0.75
167,111XX11XX11111,0.75
168,111XX11X211111,0.75
169,111XX112111111,0.75
170,111XX112X11111,0.75
171,111XX112211111,0.75
172,111XX1X1111111,0.75
173,111XX1X1X11111,0.75
174,111XX1X1211111,0.75
175,111XX1XX111111,0.75
176,111XX1XXX11111,0.75
177,111XX1XX211111,0.75
178,111XX1X2111111,0.75
179,111XX1X2X11111,0.75
180,111XX1X2211111,0.75
181,111XXX11111111,0.75
182,111XXX11X11111,0.75
183,111XXX11211111,0.75
184,111XXX1X111111,0.75
185,111XXX1XX11111,0.75
186,111XXX1X211111,0.75
187,111XXX12111111,0.75
188,111XXX12X11111,0.75
189,111XXX12211111,0.75
190,111XXXX1111111,0.75
191,111XXXX1X11111,0.75
192,111XXXX1211111,0.75
193,111XXXXX111111,0.75
194,111XXXXXX11111,0.75
195,111XXXXX211111,0.75
196,111XXXX2111111,0.75
197,111XXXX2X11111,0.75
198,111XXXX2211111,0.75
199,111XX211111111,0.75
200,111XX211X11111,0.75
201,111XX211211111,0.75
202,111XX21X111111,0.75
203,111XX21XX11111,0.75
204,111XX21X211111,0.75
205,111XX212111111,0.75
206,111XX212X11111,0.75
207,111XX212211111,0.75
208,111XX2X1111111,0.75
209,111XX2X1X11111,0.75
210,111XX2X1211111,0.75
211,111XX2XX111111,0.75
212,111XX2XXX11111,0.75
213,111XX2XX211111,0.75
214,111XX2X2111111,0.75
215,111XX2X2X11111,0.75
216,111XX2X2211111,0.75
217,1X111111111111,0.75
218,1X111111X11111,0.75
219,1X111111211111,0.75
220,1X11111X111111,0.75
221,1X11111XX11111,0.75
222,1X11111X211111,0.75
223,1X111112111111,0.75
224,1X111112X11111,0.75
225,1X111112211111,0.75
226,1X1111X1111111,0.75
227,1X1111X1X11111,0.75
228,1X1111X1211111,0.75
229,1X1111XX111111,0.75
230,1X1111XXX11111,0.75
231,1X1111XX211111,0.75
232,1X1111X2111111,0.75
233,1X1111X2X11111,0.75
234,1X1111X2211111,0.75
235,1X111X11111111,0.75
236,1X111X11X11111,0.75
237,1X111X11211111,0.75
238,1X111X1X111111,0.75
239,1X111X1XX11111,0.75
240,1X111X1X211111,0.75
241,1X111X12111111,0.75
242,1X111X12X11111,0.75
243,1X111X12211111,0.75
244,1X111XX1111111,0.75
245,1X111XX1X11111,0.75
246,1X111XX1211111,0.75
247,1X111XXX111111,0.75
248,1X111XXXX11111,0.75
249,1X111XXX211111,0.75
250,1X111XX2111111,0.75
251,1X111XX2X11111,0.75
252,1X111XX2211111,0.75
253,1X111211111111,0.75
254,1X111211X11111,0.75
255,1X111211211111,0.75
256,1X11121X111111,0.75
257,1X11121XX11111,0.75
258,1X11121X211111,0.75
259,1X111212111111,0.75
260,1X111212X11111,0.75
261,1X111212211111,0.75
262,1X1112X1111111,0.75
263,1X1112X1X11111,0.75
264,1X1112X1211111,0.75
265,1X1112XX111111,0.75
266,1X1112XXX11111,0.75
267,1X1112XX211111,0.75
268,1X1112X2111111,0.75
269,1X1112X2X11111,0.75
270,1X1112X2211111,0.75
271,1X11X111111111,0.75
272,1X11X111X11111,0.75
273,1X11X111211111,0.75
274,1X11X11X111111,0.75
275,1X11X11XX11111,0.75
276,1X11X11X211111,0.75
277,1X11X112111111,0.75
278,1X11X112X11111,0.75
279,1X11X112211111,0.75
280,1X11X1X1111111,0.75
281,1X11X1X1X11111,0.75
282,1X11X1X1211111,0.75
283,1X11X1XX111111,0.75
284,1X11X1XXX11111,0.75
285,1X11X1XX211111,0.75
286,1X11X1X2111111,0.75
287,1X11X1X2X11111,0.75
288,1X11X1X2211111,0.75
289,1X11XX11111111,0.75
290,1X11XX11X11111,0.75
291,1X11XX11211111,0.75
292,1X11XX1X111111,0.75
293,1X11XX1XX11111,0.75
294,1X11XX1X211111,0.75
295,1X11XX12111111,0.75
296,1X11XX12X11111,0.75
297,1X11XX12211111,0.75
298,1X11XXX1111111,0.75
299,1X11XXX1X11111,0.75
300,1X11XXX1211111,0.75
301,1X11XXXX111111,0.75
302,1X11XXXXX11111,0.75
303,1X11XXXX211111,0.75
304,1X11XXX2111111,0.75
305,1X11XXX2X11111,0.75
306,1X11XXX2211111,0.75
307,1X11X211111111,0.75
308,1X11X211X11111,0.75
309,1X11X211211111,0.75
310,1X11X21X111111,0.75
311,1X11X21XX11111,0.75
312,1X11X21X211111,0.75
313,1X11X212111111,0.75
314,1X11X212X11111,0.75
315,1X11X212211111,0.75
316,1X11X2X1111111,0.75
317,1X11X2X1X11111,0.75
318,1X11X2X1211111,0.75
319,1X11X2XX111111,0.75
320,1X11X2XXX11111,0.75
321,1X11X2XX211111,0.75
322,1X11X2X2111111,0.75
323,1X11X2X2X11111,0.75
324,1X11X2X2211111,0.75
325,1X1X1111111111,0.75
326,1X1X1111X11111,0.75
327,1X1X1111211111,0.75
328,1X1X111X111111,0.75
329,1X1X111XX11111,0.75
330,1X1X111X211111,0.75
331,1X1X1112111111,0.75
332,1X1X1112X11111,0.75
333,1X1X1112211111,0.75
334,1X1X11X1111111,0.75
335,1X1X11X1X11111,0.75
336,1X1X11X1211111,0.75
337,1X1X11XX111111,0.75
338,1X1X11XXX11111,0.75
339,1X1X11XX211111,0.75
340,1X1X11X2111111,0.75
341,1X1X11X2X11111,0.75
342,1X1X11X2211111,0.75
343,1X1X1X11111111,0.75
344,1X1X1X11X11111,0.75
345,1X1X1X11211111,0.75
346,1X1X1X1X111111,0.75
347,1X1X1X1XX11111,0.75
348,1X1X1X1X211111,0.75
349,1X1X1X12111111,0.75
350,1X1X1X12X11111,0.75
351,1X1X1X12211111,0.75
352,1X1X1XX1111111,0.75
353,1X1X1XX1X11111,0.75
354,1X1X1XX1211111,0.75
355,1X1X1XXX111111,0.75
356,1X1X1XXXX11111,0.75
357,1X1X1XXX211111,0.75
358,1X1X1XX2111111,0.75
359,1X1X1XX2X11111,0.75
360,1X1X1XX2211111,0.75
361,1X1X1211111111,0.75
362,1X1X1211X11111,0.75
363,1X1X1211211111,0.75
364,1X1X121X111111,0.75
365,1X1X121XX11111,0.75
366,1X1X121X211111,0.75
367,1X1X1212111111,0.75
368,1X1X1212X11111,0.75
369,1X1X1212211111,0.75
370,1X1X12X1111111,0.75
371,1X1X12X1X11111,0.75
372,1X1X12X1211111,0.75
373,1X1X12XX111111,0.75
374,1X1X12XXX11111,0.75
375,1X1X12XX211111,0.75
376,1X1X12X2111111,0.75
377,1X1X12X2X11111,0.75
378,1X1X12X2211111,0.75
379,1X1XX111111111,0.75
380,1X1XX111X11111,0.75
381,1X1XX111211111,0.75
382,1X1XX11X111111,0.75
383,1X1XX11XX11111,0.75
384,1X1XX11X211111,0.75
385,1X1XX112111111,0.75
386,1X1XX112X11111,0.75
387,1X1XX112211111,0.75
388,1X1XX1X1111111,0.75
389,1X1XX1X1X11111,0.75
390,1X1XX1X1211111,0.75
391,1X1XX1XX111111,0.75
392,1X1XX1XXX11111,0.75
393,1X1XX1XX211111,0.75
394,1X1XX1X2111111,0.75
395,1X1XX1X2X11111,0.75
396,1X1XX1X2211111,0.75
397,1X1XXX11111111,0.75
398,1X1XXX11X11111,0.75
399,1X1XXX11211111,0.75
400,1X1XXX1X111111,0.75
401,1X1XXX1XX11111,0.75
402,1X1XXX1X211111,0.75
403,1X1XXX12111111,0.75
404,1X1XXX12X11111,0.75
405,1X1XXX12211111,0.75
406,1X1XXXX1111111,0.75
407,1X1XXXX1X11111,0.75
408,1X1XXXX1211111,0.75
409,1X1XXXXX111111,0.75
410,1X1XXXXXX11111,0.75
411,1X1XXXXX211111,0.75
412,1X1XXXX2111111,0.75
413,1X1XXXX2X11111,0.75
414,1X1XXXX2211111,0.75
415,1X1XX211111111,0.75
416,1X1XX211X11111,0.75
417,1X1XX211211111,0.75
418,1X1XX21X111111,0.75
419,1X1XX21XX11111,0.75
420,1X1XX21X211111,0.75
421,1X1XX212111111,0.75
422,1X1XX212X11111,0.75
423,1X1XX212211111,0.75
424,1X1XX2X1111111,0.75
425,1X1XX2X1X11111,0.75
426,1X1XX2X1211111,0.75
427,1X1XX2XX111111,0.75
428,1X1XX2XXX11111,0.75
429,1X1XX2XX211111,0.75
430,1X1XX2X2111111,0.75
431,1X1XX2X2X11111,0.75
432,1X1XX2X2211111,0.75
433,X1111111111111,0.75
434,X1111111X11111,0.75
435,X1111111211111,0.75
436,X111111X111111,0.75
437,X111111XX11111,0.75
438,X111111X211111,0.75
439,X1111112111111,0.75
440,X1111112X11111,0.75
441,X1111112211111,0.75
442,X11111X1111111,0.75
443,X11111X1X11111,0.75
444,X11111X1211111,0.75
445,X11111XX111111,0.75
446,X11111XXX11111,0.75
447,X11111XX211111,0.75
448,X11111X2111111,0.75
449,X11111X2X11111,0.75
450,X11111X2211111,0.75
451,X1111X11111111,0.75
452,X1111X11X11111,0.75
453,X1111X11211111,0.75
454,X1111X1X111111,0.75
455,X1111X1XX11111,0.75
456,X1111X1X211111,0.75
457,X1111X12111111,0.75
458,X1111X12X11111,0.75
459,X1111X12211111,0.75
460,X1111XX1111111,0.75
461,X1111XX1X11111,0.75
462,X1111XX1211111,0.75
463,X1111XXX111111,0.75
464,X1111XXXX11111,0.75
465,X1111XXX211111,0.75
466,X1111XX2111111,0.75
467,X1111XX2X11111,0.75
468,X1111XX2211111,0.75
469,X1111211111111,0.75
470,X1111211X11111,0.75
471,X1111211211111,0.75
472,X111121X111111,0.75
473,X111121XX11111,0.75
474,X111121X211111,0.75
475,X1111212111111,0.75
476,X1111212X11111,0.75
477,X1111212211111,0.75
478,X11112X1111111,0.75
479,X11112X1X11111,0.75
480,X11112X1211111,0.75
481,X11112XX111111,0.75
482,X11112XXX11111,0.75
483,X11112XX211111,0.75
484,X11112X2111111,0.75
485,X11112X2X11111,0.75
486,X11112X2211111,0.75
487,X111X111111111,0.75
488,X111X111X11111,0.75
489,X111X111211111,0.75
490,X111X11X111111,0.75
491,X111X11XX11111,0.75
492,X111X11X211111,0.75
493,X111X112111111,0.75
494,X111X112X11111,0.75
495,X111X112211111,0.75
496,X111X1X1111111,0.75
497,X111X1X1X11111,0.75
498,X111X1X1211111,0.75
499,X111X1XX111111,0.75
500,X111X1XXX11111,0.75
501,X111X1XX211111,0.75
502,X111X1X2111111,0.75
503,X111X1X2X11111,0.75
504,X111X1X2211111,0.75
505,X111XX11111111,0.75
506,X111XX11X11111,0.75
507,X111XX11211111,0.75
508,X111XX1X111111,0.75
509,X111XX1XX11111,0.75
510,X111XX1X211111,0.75
511,X111XX12111111,0.75
512,X111XX12X11111,0.75
513,X111XX12211111,0.75
514,X111XXX1111111,0.75
515,X111XXX1X11111,0.75
516,X111XXX1211111,0.75
517,X111XXXX111111,0.75
518,X111XXXXX11111,0.75
519,X111XXXX211111,0.75
520,X111XXX2111111,0.75
521,X111XXX2X11111,0.75
522,X111XXX2211111,0.75
523,X111X211111111,0.75
524,X111X211X11111,0.75
525,X111X211211111,0.75
526,X111X21X111111,0.75
527,X111X21XX11111,0.75
528,X111X21X211111,0.75
529,X111X212111111,0.75
530,X111X212X11111,0.75
531,X111X212211111,0.75
532,X111X2X1111111,0.75
533,X111X2X1X11111,0.75
534,X111X2X1211111,0.75
535,X111X2XX111111,0.75
536,X111X2XXX11111,0.75
537,X111X2XX211111,0.75
538,X111X2X2111111,0.75
539,X111X2X2X11111,0.75
540,X111X2X2211111,0.75
541,X11X1111111111,0.75
542,X11X1111X11111,0.75
543,X11X1111211111,0.75
544,X11X111X111111,0.75
545,X11X111XX11111,0.75
546,X11X111X211111,0.75
547,X11X1112111111,0.75
548,X11X1112X11111,0.75
549,X11X1112211111,0.75
550,X11X11X1111111,0.75
551,X11X11X1X11111,0.75
552,X11X11X1211111,0.75
553,X11X11XX111111,0.75
554,X11X11XXX11111,0.75
555,X11X11XX211111,0.75
556,X11X11X2111111,0.75
557,X11X11X2X11111,0.75
558,X11X11X2211111,0.75
559,X11X1X11111111,0.75
560,X11X1X11X11111,0.75
561,X11X1X11211111,0.75
562,X11X1X1X111111,0.75
563,X11X1X1XX11111,0.75
564,X11X1X1X211111,0.75
565,X11X1X12111111,0.75
566,X11X1X12X11111,0.75
567,X11X1X12211111,0.75
568,X11X1XX1111111,0.75
569,X11X1XX1X11111,0.75
570,X11X1XX1211111,0.75
571,X11X1XXX111111,0.75
572,X11X1XXXX11111,0.75
573,X11X1XXX211111,0.75
574,X11X1XX2111111,0.75
575,X11X1XX2X11111,0.75
576,X11X1XX2211111,0.75
577,X11X1211111111,0.75
578,X11X1211X11111,0.75
579,X11X1211211111,0.75
580,X11X121X111111,0.75
581,X11X121XX11111,0.75
582,X11X121X211111,0.75
583,X11X1212111111,0.75
584,X11X1212X11111,0.75
585,X11X1212211111,0.75
586,X11X12X1111111,0.75
587,X11X12X1X11111,0.75
588,X11X12X1211111,0.75
589,X11X12XX111111,0.75
590,X11X12XXX11111,0.75
591,X11X12XX211111,0.75
592,X11X12X2111111,0.75
593,X11X12X2X11111,0.75
594,X11X12X2211111,0.75
595,X11XX111111111,0.75
596,X11XX111X11111,0.75
597,X11XX111211111,0.75
598,X11XX11X111111,0.75
599,X11XX11XX11111,0.75
600,X11XX11X211111,0.75
601,X11XX112111111,0.75
602,X11XX112X11111,0.75
603,X11XX112211111,0.75
604,X11XX1X1111111,0.75
605,X11XX1X1X11111,0.75
606,X11XX1X1211111,0.75
607,X11XX1XX111111,0.75
608,X11XX1XXX11111,0.75
609,X11XX1XX211111,0.75
610,X11XX1X2111111,0.75
611,X11XX1X2X11111,0.75
612,X11XX1X2211111,0.75
613,X11XXX11111111,0.75
614,X11XXX11X11111,0.75
615,X11XXX11211111,0.75
616,X11XXX1X111111,0.75
617,X11XXX1XX11111,0.75
618,X11XXX1X211111,0.75
619,X11XXX12111111,0.75
620,X11XXX12X11111,0.75
621,X11XXX12211111,0.75
622,X11XXXX1111111,0.75
623,X11XXXX1X11111,0.75
624,X11XXXX1211111,0.75
625,X11XXXXX111111,0.75
626,X11XXXXXX11111,0.75
627,X11XXXXX211111,0.75
628,X11XXXX2111111,0.75
629,X11XXXX2X11111,0.75
630,X11XXXX2211111,0.75
631,X11XX211111111,0.75
632,X11XX211X11111,0.75
633,X11XX211211111,0.75
634,X11XX21X111111,0.75
635,X11XX21XX11111,0.75
636,X11XX21X211111,0.75
637,X11XX212111111,0.75
638,X11XX212X11111,0.75
639,X11XX212211111,0.75
640,X11XX2X1111111,0.75
641,X11XX2X1X11111,0.75
642,X11XX2X1211111,0.75
643,X11XX2XX111111,0.75
644,X11XX2XXX11111,0.75
645,X11XX2XX211111,0.75
646,X11XX2X2111111,0.75
647,X11XX2X2X11111,0.75
648,X11XX2X2211111,0.75
649,XX111111111111,0.75
650,XX111111X11111,0.75
651,XX111111211111,0.75
652,XX11111X111111,0.75
653,XX11111XX11111,0.75
654,XX11111X211111,0.75
655,XX111112111111,0.75
656,XX111112X11111,0.75
657,XX111112211111,0.75
658,XX1111X1111111,0.75
659,XX1111X1X11111,0.75
660,XX1111X1211111,0.75
661,XX1111XX111111,0.75
662,XX1111XXX11111,0.75
663,XX1111XX211111,0.75
664,XX1111X2111111,0.75
665,XX1111X2X11111,0.75
666,XX1111X2211111,0.75
667,XX111X11111111,0.75
668,XX111X11X11111,0.75
669,XX111X11211111,0.75
670,XX111X1X111111,0.75
671,XX111X1XX11111,0.75
672,XX111X1X211111,0.75
673,XX111X12111111,0.75
674,XX111X12X11111,0.75
675,XX111X12211111,0.75
676,XX111XX1111111,0.75
677,XX111XX1X11111,0.75
678,XX111XX1211111,0.75
679,XX111XXX111111,0.75
680,XX111XXXX11111,0.75
681,XX111XXX211111,0.75
682,XX111XX2111111,0.75
683,XX111XX2X11111,0.75
684,XX111XX2211111,0.75
685,XX111211111111,0.75
686,XX111211X11111,0.75
687,XX111211211111,0.75
688,XX11121X111111,0.75
689,XX11121XX11111,0.75
690,XX11121X211111,0.75
691,XX111212111111,0.75
692,XX111212X11111,0.75
693,XX111212211111,0.75
694,XX1112X1111111,0.75
695,XX1112X1X11111,0.75
696,XX1112X1211111,0.75
697,XX1112XX111111,0.75
698,XX1112XXX11111,0.75
699,XX1112XX211111,0.75
700,XX1112X2111111,0.75
701,XX1112X2X11111,0.75
702,XX1112X2211111,0.75
703,XX11X111111111,0.75
704,XX11X111X11111,0.75
705,XX11X111211111,0.75
706,XX11X11X111111,0.75
707,XX11X11XX11111,0.75
708,XX11X11X211111,0.75
709,XX11X112111111,0.75
710,XX11X112X11111,0.75
711,XX11X112211111,0.75
712,XX11X1X1111111,0.75
713,XX11X1X1X11111,0.75
714,XX11X1X1211111,0.75
715,XX11X1XX111111,0.75
716,XX11X1XXX11111,0.75
717,XX11X1XX211111,0.75
718,XX11X1X2111111,0.75
719,XX11X1X2X11111,0.75
720,XX11X1X2211111,0.75
721,XX11XX11111111,0.75
722,XX11XX11X11111,0.75
723,XX11XX11211111,0.75
724,XX11XX1X111111,0.75
725,XX11XX1XX11111,0.75
726,XX11XX1X211111,0.75
727,XX11XX12111111,0.75
728,XX11XX12X11111,0.75
729,XX11XX12211111,0.75
730,XX11XXX1111111,0.75
731,XX11XXX1X11111,0.75
732,XX11XXX1211111,0.75
733,XX11XXXX111111,0.75
734,XX11XXXXX11111,0.75
735,XX11XXXX211111,0.75
736,XX11XXX2111111,0.75
737,XX11XXX2X11111,0.75
738,XX11XXX2211111,0.75
739,XX11X211111111,0.75
740,XX11X211X11111,0.75
741,XX11X211211111,0.75
742,XX11X21X111111,0.75
743,XX11X21XX11111,0.75
744,XX11X21X211111,0.75
745,XX11X212111111,0.75
746,XX11X212X11111,0.75
747,XX11X212211111,0.75
748,XX11X2X1111111,0.75
749,XX11X2X1X11111,0.75
750,XX11X2X1211111,0.75
751,XX11X2XX111111,0.75
752,XX11X2XXX11111,0.75
753,XX11X2XX211111,0.75
754,XX11X2X2111111,0.75
755,XX11X2X2X11111,0.75
756,XX11X2X2211111,0.75
757,XX1X1111111111,0.75
758,XX1X1111X11111,0.75
759,XX1X1111211111,0.75
760,XX1X111X111111,0.75
761,XX1X111XX11111,0.75
762,XX1X111X211111,0.75
763,XX1X1112111111,0.75
764,XX1X1112X11111,0.75
765,XX1X1112211111,0.75
766,XX1X11X1111111,0.75
767,XX1X11X1X11111,0.75
768,XX1X11X1211111,0.75
769,XX1X11XX111111,0.75
770,XX1X11XXX11111,0.75
771,XX1X11XX211111,0.75
772,XX1X11X2111111,0.75
773,XX1X11X2X11111,0.75
774,XX1X11X2211111,0.75
775,XX1X1X11111111,0.75
776,XX1X1X11X11111,0.75
777,XX1X1X11211111,0.75
778,XX1X1X1X111111,0.75
779,XX1X1X1XX11111,0.75
780,XX1X1X1X211111,0.75
781,XX1X1X12111111,0.75
782,XX1X1X12X11111,0.75
783,XX1X1X12211111,0.75
784,XX1X1XX1111111,0.75
785,XX1X1XX1X11111,0.75
786,XX1X1XX1211111,0.75
787,XX1X1XXX111111,0.75
788,XX1X1XXXX11111,0.75
789,XX1X1XXX211111,0.75
790,XX1X1XX2111111,0.75
791,XX1X1XX2X11111,0.75
792,XX1X1XX2211111,0.75
793,XX1X1211111111,0.75
794,XX1X1211X11111,0.75
795,XX1X1211211111,0.75
796,XX1X121X111111,0.75
797,XX1X121XX11111,0.75
798,XX1X121X211111,0.75
799,XX1X1212111111,0.75
800,XX1X1212X11111,0.75
801,XX1X1212211111,0.75
802,XX1X12X1111111,0.75
803,XX1X12X1X11111,0.75
804,XX1X12X1211111,0.75
805,XX1X12XX111111,0.75
806,XX1X12XXX11111,0.75
807,XX1X12XX211111,0.75
808,XX1X12X2111111,0.75
809,XX1X12X2X11111,0.75
810,XX1X12X2211111,0.75
811,XX1XX111111111,0.75
812,XX1XX111X11111,0.75
813,XX1XX111211111,0.75
814,XX1XX11X111111,0.75
815,XX1XX11XX11111,0.75
816,XX1XX11X211111,0.75
817,XX1XX112111111,0.75
818,XX1XX112X11111,0.75
819,XX1XX112211111,0.75
820,XX1XX1X1111111,0.75
821,XX1XX1X1X11111,0.75
822,XX1XX1X1211111,0.75
823,XX1XX1XX111111,0.75
824,XX1XX1XXX11111,0.75
825,XX1XX1XX211111,0.75
826,XX1XX1X2111111,0.75
827,XX1XX1X2X11111,0.75
828,XX1XX1X2211111,0.75
829,XX1XXX11111111,0.75
830,XX1XXX11X11111,0.75
831,XX1XXX11211111,0.75
832,XX1XXX1X111111,0.75
833,XX1XXX1XX11111,0.75
834,XX1XXX1X211111,0.75
835,XX1XXX12111111,0.75
836,XX1XXX12X11111,0.75
837,XX1XXX12211111,0.75
838,XX1XXXX1111111,0.75
839,XX1XXXX1X11111,0.75
840,XX1XXXX1211111,0.75
841,XX1XXXXX111111,0.75
842,XX1XXXXXX11111,0.75
843,XX1XXXXX211111,0.75
844,XX1XXXX2111111,0.75
845,XX1XXXX2X11111,0.75
846,XX1XXXX2211111,0.75
847,XX1XX211111111,0.75
848,XX1XX211X11111,0.75
849,XX1XX211211111,0.75
850,XX1XX21X111111,0.75
851,XX1XX21XX11111,0.75
852,XX1XX21X211111,0.75
853,XX1XX212111111,0.75
854,XX1XX212X11111,0.75
855,XX1XX212211111,0.75
856,XX1XX2X1111111,0.75
857,XX1XX2X1X11111,0.75
858,XX1XX2X1211111,0.75
859,XX1XX2XX111111,0.75
860,XX1XX2XXX11111,0.75
861,XX1XX2XX211111,0.75
862,XX1XX2X2111111,0.75
863,XX1XX2X2X11111,0.75
864,XX1XX2X2211111,0.75
865,21111111111111,0.75
866,21111111X11111,0.75
867,21111111211111,0.75
868,2111111X111111,0.75
869,2111111XX11111,0.75
870,2111111X211111,0.75
871,21111112111111,0.75
872,21111112X11111,0.75
873,21111112211111,0.75
874,211111X1111111,0.75
875,211111X1X11111,0.75
876,211111X1211111,0.75
877,211111XX111111,0.75
878,211111XXX11111,0.75
879,211111XX211111,0.75
880,211111X2111111,0.75
881,211111X2X11111,0.75
882,211111X2211111,0.75
883,21111X11111111,0.75
884,21111X11X11111,0.75
885,21111X11211111,0.75
886,21111X1X111111,0.75
887,21111X1XX11111,0.75
888,21111X1X211111,0.75
889,21111X12111111,0.75
890,21111X12X11111,0.75
891,21111X12211111,0.75
892,21111XX1111111,0.75
893,21111XX1X11111,0.75
894,21111XX1211111,0.75
895,21111XXX111111,0.75
896,21111XXXX11111,0.75
897,21111XXX211111,0.75
898,21111XX2111111,0.75
899,21111XX2X11111,0.75
900,21111XX2211111,0.75
901,21111211111111,0.75
902,21111211X11111,0.75
903,21111211211111,0.75
904,2111121X111111,0.75
905,2111121XX11111,0.75
906,2111121X211111,0.75
907,21111212111111,0.75
908,21111212X11111,0.75
909,21111212211111,0.75
910,211112X1111111,0.75
911,211112X1X11111,0.75
912,211112X1211111,0.75
913,211112XX111111,0.75
914,211112XXX11111,0.75
915,211112XX211111,0.75
916,211112X2111111,0.75
917,211112X2X11111,0.75
918,211112X2211111,0.75
919,2111X111111111,0.75
920,2111X111X11111,0.75
921,2111X111211111,0.75
922,2111X11X111111,0.75
923,2111X11XX11111,0.75
924,2111X11X211111,0.75
925,2111X112111111,0.75
926,2111X112X11111,0.75
927,2111X112211111,0.75
928,2111X1X1111111,0.75
929,2111X1X1X11111,0.75
930,2111X1X1211111,0.75
931,2111X1XX111111,0.75
932,2111X1XXX11111,0.75
933,2111X1XX211111,0.75
934,2111X1X2111111,0.75
935,2111X1X2X11111,0.75
936,2111X1X2211111,0.75
937,2111XX11111111,0.75
938,2111XX11X11111,0.75
939,2111XX11211111,0.75
940,2111XX1X111111,0.75
941,2111XX1XX11111,0.75
942,2111XX1X211111,0.75
943,2111XX12111111,0.75
944,2111XX12X11111,0.75
945,2111XX12211111,0.75
946,2111XXX1111111,0.75
947,2111XXX1X11111,0.75
948,2111XXX1211111,0.75
949,2111XXXX111111,0.75
950,2111XXXXX11111,0.75
951,2111XXXX211111,0.75
952,2111XXX2111111,0.75
953,2111XXX2X11111,0.75
954,2111XXX2211111,0.75
955,2111X211111111,0.75
956,2111X211X11111,0.75
957,2111X211211111,0.75
958,2111X21X111111,0.75
959,2111X21XX11111,0.75
960,2111X21X211111,0.75
961,2111X212111111,0.75
962,2111X212X11111,0.75
963,2111X212211111,0.75
964,2111X2X1111111,0.75
965,2111X2X1X11111,0.75
966,2111X2X1211111,0.75
967,2111X2XX111111,0.75
968,2111X2XXX11111,0.75
969,2111X2XX211111,0.75
970,2111X2X2111111,0.75
971,2111X2X2X11111,0.75
972,2111X2X2211111,0.75
973,211X1111111111,0.75
974,211X1111X11111,0.75
975,211X1111211111,0.75
976,211X111X111111,0.75
977,211X111XX11111,0.75
978,211X111X211111,0.75
979,211X1112111111,0.75
980,211X1112X11111,0.75
981,211X1112211111,0.75
982,211X11X1111111,0.75
983,211X11X1X11111,0.75
984,211X11X1211111,0.75
985,211X11XX111111,0.75
986,211X11XXX11111,0.75
987,211X11XX211111,0.75
988,211X11X2111111,0.75
989,211X11X2X11111,0.75
990,211X11X2211111,0.75
991,211X1X11111111,0.75
992,211X1X11X11111,0.75
993,211X1X11211111,0.75
994,211X1X1X111111,0.75
995,211X1X1XX11111,0.75
996,211X1X1X211111,0.75
997,211X1X12111111,0.75
998,211X1X12X11111,0.75
999,211X1X12211111,0.75
1000,211X1XX1111111,0.75
1001,211X1XX1X11111,0.75
1002,211X1XX1211111,0.75
1003,211X1XXX111111,0.75
1004,211X1XXXX11111,0.75
1005,211X1XXX211111,0.75
1006,211X1XX2111111,0.75
1007,211X1XX2X11111,0.75
1008,211X1XX2211111,0.75
1009,211X1211111111,0.75
1010,211X1211X11111,0.75
1011,211X1211211111,0.75
1012,211X121X111111,0.75
1013,211X121XX11111,0.75
1014,211X121X211111,0.75
1015,211X1212111111,0.75
1016,211X1212X11111,0.75
1017,211X1212211111,0.75
1018,211X12X1111111,0.75
1019,211X12X1X11111,0.75
1020,211X12X1211111,0.75
1021,211X12XX111111,0.75
1022,211X12XXX11111,0.75
1023,211X12XX211111,0.75
1024,211X12X2111111,0.75
1025,211X12X2X11111,0.75
1026,211X12X2211111,0.75
1027,211XX111111111,0.75
1028,211XX111X11111,0.75
1029,211XX111211111,0.75
1030,211XX11X111111,0.75
1031,211XX11XX11111,0.75
1032,211XX11X211111,0.75
1033,211XX112111111,0.75
1034,211XX112X11111,0.75
1035,211XX112211111,0.75
1036,211XX1X1111111,0.75
1037,211XX1X1X11111,0.75
1038,211XX1X1211111,0.75
1039,211XX1XX111111,0.75
1040,211XX1XXX11111,0.75
1041,211XX1XX211111,0.75
1042,211XX1X2111111,0.75
1043,211XX1X2X11111,0.75
1044,211XX1X2211111,0.75
1045,211XXX11111111,0.75
1046,211XXX11X11111,0.75
1047,211XXX11211111,0.75
1048,211XXX1X111111,0.75
1049,211XXX1XX11111,0.75
1050,211XXX1X211111,0.75
1051,211XXX12111111,0.75
1052,211XXX12X11111,0.75
1053,211XXX12211111,0.75
1054,211XXXX1111111,0.75
1055,211XXXX1X11111,0.75
1056,211XXXX1211111,0.75
1057,211XXXXX111111,0.75
1058,211XXXXXX11111,0.75
1059,211XXXXX211111,0.75
1060,211XXXX2111111,0.75
1061,211XXXX2X11111,0.75
1062,211XXXX2211111,0.75
1063,211XX211111111,0.75
1064,211XX211X11111,0.75
1065,211XX211211111,0.75
1066,211XX21X111111,0.75
1067,211XX21XX11111,0.75
1068,211XX21X211111,0.75
1069,211XX212111111,0.75
1070,211XX212X11111,0.75
1071,211XX212211111,0.75
1072,211XX2X1111111,0.75
1073,211XX2X1X11111,0.75
1074,211XX2X1211111,0.75
1075,211XX2XX111111,0.75
1076,211XX2XXX11111,0.75
1077,211XX2XX211111,0.75
1078,211XX2X2111111,0.75
1079,211XX2X2X11111,0.75
1080,211XX2X2211111,0.75
1081,2X111111111111,0.75
1082,2X111111X11111,0.75
1083,2X111111211111,0.75
1084,2X11111X111111,0.75
1085,2X11111XX11111,0.75
1086,2X11111X211111,0.75
1087,2X111112111111,0.75
1088,2X111112X11111,0.75
1089,2X111112211111,0.75
1090,2X1111X1111111,0.75
1091,2X1111X1X11111,0.75
1092,2X1111X1211111,0.75
1093,2X1111XX111111,0.75
1094,2X1111XXX11111,0.75
1095,2X1111XX211111,0.75
1096,2X1111X2111111,0.75
1097,2X1111X2X11111,0.75
1098,2X1111X2211111,0.75
1099,2X111X11111111,0.75
1100,2X111X11X11111,0.75
1101,2X111X11211111,0.75
1102,2X111X1X111111,0.75
1103,2X111X1XX11111,0.75
1104,2X111X1X211111,0.75
1105,2X111X12111111,0.75
1106,2X111X12X11111,0.75
1107,2X111X12211111,0.75
1108,2X111XX1111111,0.75
1109,2X111XX1X11111,0.75
1110,2X111XX1211111,0.75
1111,2X111XXX111111,0.75
1112,2X111XXXX11111,0.75
1113,2X111XXX211111,0.75
1114,2X111XX2111111,0.75
1115,2X111XX2X11111,0.75
1116,2X111XX2211111,0.75
1117,2X111211111111,0.75
1118,2X111211X11111,0.75
1119,2X111211211111,0.75
1120,2X11121X111111,0.75
1121,2X11121XX11111,0.75
1122,2X11121X211111,0.75
1123,2X111212111111,0.75
1124,2X111212X11111,0.75
1125,2X111212211111,0.75
1126,2X1112X1111111,0.75
1127,2X1112X1X11111,0.75
1128,2X1112X1211111,0.75
1129,2X1112XX111111,0.75
1130,2X1112XXX11111,0.75
1131,2X1112XX211111,0.75
1132,2X1112X2111111,0.75
1133,2X1112X2X11111,0.75
1134,2X1112X2211111,0.75
1135,2X11X111111111,0.75
1136,2X11X111X11111,0.75
1137,2X11X111211111,0.75
1138,2X11X11X111111,0.75
1139,2X11X11XX11111,0.75
1140,2X11X11X211111,0.75
1141,2X11X112111111,0.75
1142,2X11X112X11111,0.75
1143,2X11X112211111,0.75
1144,2X11X1X1111111,0.75
1145,2X11X1X1X11111,0.75
1146,2X11X1X1211111,0.75
1147,2X11X1XX111111,0.75
1148,2X11X1XXX11111,0.75
1149,2X11X1XX211111,0.75
1150,2X11X1X2111111,0.75
1151,2X11X1X2X11111,0.75
1152,2X11X1X2211111,0.75
1153,2X11XX11111111,0.75
1154,2X11XX11X11111,0.75
1155,2X11XX11211111,0.75
1156,2X11XX1X111111,0.75
1157,2X11XX1XX11111,0.75
1158,2X11XX1X211111,0.75
1159,2X11XX12111111,0.75
1160,2X11XX12X11111,0.75
1161,2X11XX12211111,0.75
1162,2X11XXX1111111,0.75
1163,2X11XXX1X11111,0.75
1164,2X11XXX1211111,0.75
1165,2X11XXXX111111,0.75
1166,2X11XXXXX11111,0.75
1167,2X11XXXX211111,0.75
1168,2X11XXX2111111,0.75
1169,2X11XXX2X11111,0.75
1170,2X11XXX2211111,0.75
1171,2X11X211111111,0.75
1172,2X11X211X11111,0.75
1173,2X11X211211111,0.75
1174,2X11X21X111111,0.75
1175,2X11X21XX11111,0.75
1176,2X11X21X211111,0.75
1177,2X11X212111111,0.75
1178,2X11X212X11111,0.75
1179,2X11X212211111,0.75
1180,2X11X2X1111111,0.75
1181,2X11X2X1X11111,0.75
1182,2X11X2X1211111,0.75
1183,2X11X2XX111111,0.75
1184,2X11X2XXX11111,0.75
1185,2X11X2XX211111,0.75
1186,2X11X2X2111111,0.75
1187,2X11X2X2X11111,0.75
1188,2X11X2X2211111,0.75
1189,2X1X1111111111,0.75
1190,2X1X1111X11111,0.75
1191,2X1X1111211111,0.75
1192,2X1X111X111111,0.75
1193,2X1X111XX11111,0.75
1194,2X1X111X211111,0.75
1195,2X1X1112111111,0.75
1196,2X1X1112X11111,0.75
1197,2X1X1112211111,0.75
1198,2X1X11X1111111,0.75
1199,2X1X11X1X11111,0.75
1200,2X1X11X1211111,0.75
1201,2X1X11XX111111,0.75
1202,2X1X11XXX11111,0.75
1203,2X1X11XX211111,0.75
1204,2X1X11X2111111,0.75
1205,2X1X11X2X11111,0.75
1206,2X1X11X2211111,0.75
1207,2X1X1X11111111,0.75
1208,2X1X1X11X11111,0.75
1209,2X1X1X11211111,0.75
1210,2X1X1X1X111111,0.75
1211,2X1X1X1XX11111,0.75
1212,2X1X1X1X211111,0.75
1213,2X1X1X12111111,0.75
1214,2X1X1X12X11111,0.75
1215,2X1X1X12211111,0.75
1216,2X1X1XX1111111,0.75
1217,2X1X1XX1X11111,0.75
1218,2X1X1XX1211111,0.75
1219,2X1X1XXX111111,0.75
1220,2X1X1XXXX11111,0.75
1221,2X1X1XXX211111,0.75
1222,2X1X1XX2111111,0.75
1223,2X1X1XX2X11111,0.75
1224,2X1X1XX2211111,0.75
1225,2X1X1211111111,0.75
1226,2X1X1211X11111,0.75
1227,2X1X1211211111,0.75
1228,2X1X121X111111,0.75
1229,2X1X121XX11111,0.75
1230,2X1X121X211111,0.75
1231,2X1X1212111111,0.75
1232,2X1X1212X11111,0.75
1233,2X1X1212211111,0.75
1234,2X1X12X1111111,0.75
1235,2X1X12X1X11111,0.75
1236,2X1X12X1211111,0.75
1237,2X1X12XX111111,0.75
1238,2X1X12XXX11111,0.75
1239,2X1X12XX211111,0.75
1240,2X1X12X2111111,0.75
1241,2X1X12X2X11111,0.75
1242,2X1X12X2211111,0.75
1243,2X1XX111111111,0.75
1244,2X1XX111X11111,0.75
1245,2X1XX111211111,0.75
1246,2X1XX11X111111,0.75
1247,2X1XX11XX11111,0.75
1248,2X1XX11X211111,0.75
1249,2X1XX112111111,0.75
1250,2X1XX112X11111,0.75
1251,2X1XX112211111,0.75
1252,2X1XX1X1111111,0.75
1253,2X1XX1X1X11111,0.75
1254,2X1XX1X1211111,0.75
1255,2X1XX1XX111111,0.75
1256,2X1XX1XXX11111,0.75
1257,2X1XX1XX211111,0.75
1258,2X1XX1X2111111,0.75
1259,2X1XX1X2X11111,0.75
1260,2X1XX1X2211111,0.75
1261,2X1XXX11111111,0.75
1262,2X1XXX11X11111,0.75
1263,2X1XXX11211111,0.75
1264,2X1XXX1X111111,0.75
1265,2X1XXX1XX11111,0.75
1266,2X1XXX1X211111,0.75
1267,2X1XXX12111111,0.75
1268,2X1XXX12X11111,0.75
1269,2X1XXX12211111,0.75
1270,2X1XXXX1111111,0.75
1271,2X1XXXX1X11111,0.75
1272,2X1XXXX1211111,0.75
1273,2X1XXXXX111111,0.75
1274,2X1XXXXXX11111,0.75
1275,2X1XXXXX211111,0.75
1276,2X1XXXX2111111,0.75
1277,2X1XXXX2X11111,0.75
1278,2X1XXXX2211111,0.75
1279,2X1XX211111111,0.75
1280,2X1XX211X11111,0.75
1281,2X1XX211211111,0.75
1282,2X1XX21X111111,0.75
1283,2X1XX21XX11111,0.75
1284,2X1XX21X211111,0.75
1285,2X1XX212111111,0.75
1286,2X1XX212X11111,0.75
1287,2X1XX212211111,0.75
1288,2X1XX2X1111111,0.75
1289,2X1XX2X1X11111,0.75
1290,2X1XX2X1211111,0.75
1291,2X1XX2XX111111,0.75
1292,2X1XX2XXX11111,0.75
1293,2X1XX2XX211111,0.75
1294,2X1XX2X2111111,0.75
1295,2X1XX2X2X11111,0.75
1296,2X1XX2X2211111,0.75

Total combinaciones:,1296
Coste total:,972.00 €
